{"stats":{"minecraft:dropped":{"minecraft:netherite_hoe":1,"minecraft:netherite_pickaxe":1,"minecraft:netherite_chestplate":1,"minecraft:netherite_axe":1,"minecraft:netherite_helmet":1,"minecraft:experience_bottle":192,"minecraft:diamond_shovel":1,"minecraft:lime_dye":118,"minecraft:netherite_shovel":1,"evilcraft:vengeance_ring":2,"alexsmobs:flying_fish":1,"minecraft:spider_eye":3,"minecraft:bucket":1,"minecraft:dandelion":8},"minecraft:picked_up":{"evilcraft:vengeance_pickaxe":1,"minecraft:cooked_beef":1,"minecraft:feather":2,"minecraft:air":0,"vampirism:vampire_blood_bottle":1,"minecraft:leather_leggings":1,"minecraft:leather":1,"minecraft:tuff":3,"minecraft:golden_boots":1,"minecraft:gunpowder":11,"minecraft:string":7,"minecraft:dirt":147,"minecraft:iron_axe":1,"minecraft:bone":2,"minecraft:bow":1,"minecraft:deepslate_diamond_ore":3,"minecraft:iron_ingot":3,"minecraft:poppy":2,"bossominium:vex_wing":6,"minecraft:glass_bottle":4,"sophisticatedbackpacks:tank_upgrade":1,"minecraft:deepslate_iron_ore":11,"sophisticatedbackpacks:crafting_upgrade":1,"minecraft:torch":49,"minecraft:dandelion":8,"evilcraft:vengeance_ring":1,"sophisticatedbackpacks:auto_smelting_upgrade":1,"tombstone:grave_dust":1,"vampirism:vampire_fang":2,"minecraft:grass_block":165,"evilcraft:dark_ore_deepslate":1,"minecraft:spider_eye":6,"minecraft:rotten_flesh":13,"minecraft:lime_dye":63,"minecraft:arrow":2,"minecraft:deepslate":19,"minecraft:deepslate_gold_ore":8,"minecraft:deepslate_redstone_ore":22,"evilcraft:blood_chest":1,"sophisticatedbackpacks:advanced_feeding_upgrade":1,"minecraft:totem_of_undying":1,"minecraft:saddle":1,"minecraft:emerald":11,"alexsmobs:flying_fish":1,"sophisticatedbackpacks:xp_pump_upgrade":1,"sophisticatedbackpacks:advanced_magnet_upgrade":1},"minecraft:killed":{"minecraft:evoker":1,"vampirism:vampire":3,"minecraft:vex":3,"minecraft:pig":20,"minecraft:witch":1,"vampirism:advanced_vampire":1,"alexsmobs:raccoon":4,"minecraft:spider":8,"alexsmobs:seal":5,"minecraft:vindicator":3,"minecraft:ravager":1,"vampirism:converted_cow":3,"minecraft:creeper":6,"minecraft:sheep":16,"minecraft:skeleton":5,"minecraft:pillager":2,"minecraft:zombie":5,"minecraft:chicken":4,"vampirism:advanced_hunter":1,"alexsmobs:crow":1,"alexsmobs:tusklin":1,"mca:female_villager":1,"alexsmobs:flying_fish":1,"minecraft:cow":6},"minecraft:mined":{"minecraft:deepslate_redstone_ore":22,"minecraft:tuff":3,"minecraft:deepslate_diamond_ore":3,"minecraft:dandelion":13,"vampirism:altar_pillar":3,"minecraft:grass_block":5094,"minecraft:chest":1,"evilcraft:blood_chest":1,"minecraft:tall_grass":18,"minecraft:deepslate_gold_ore":8,"graveyard:lying_skeleton":1,"minecraft:sugar_cane":12,"minecraft:oxeye_daisy":2,"minecraft:blue_bed":2,"minecraft:hay_block":7,"evilcraft:dark_ore_deepslate":1,"minecraft:iron_ore":7,"vampirism:tent":2,"minecraft:grass":48,"minecraft:coal_ore":32,"minecraft:deepslate_iron_ore":11,"vampirism:fire_place":1,"graveyard:leaning_skeleton":1,"minecraft:gravel":100,"minecraft:dirt":5945,"minecraft:stone":71,"minecraft:deepslate":10,"minecraft:fern":1},"minecraft:used":{"minecraft:cooked_mutton":17,"minecraft:water_bucket":5,"minecraft:netherite_sword":172,"evilcraft:blood_chest":1,"minecraft:chest":26,"evilcraft:vengeance_pickaxe":50,"minecraft:stone":9,"minecraft:blue_bed":4,"minecraft:diamond_axe":9,"minecraft:rotten_flesh":5,"minecraft:torch":45,"minecraft:dirt":3600,"minecraft:tuff":3,"sophisticatedbackpacks:netherite_backpack":1,"justhammers:netherite_hammer":406,"alexsmobs:flying_fish":5,"minecraft:diamond_pickaxe":122,"minecraft:apple":2,"minecraft:firework_rocket":48,"minecraft:coal_ore":9,"minecraft:diamond_shovel":11122,"minecraft:grass_block":2675,"minecraft:bread":4,"minecraft:deepslate":13,"minecraft:bow":46,"minecraft:furnace":1,"minecraft:bucket":6,"minecraft:cooked_beef":32},"minecraft:crafted":{"minecraft:furnace":1,"minecraft:bucket":3,"minecraft:air":0,"evilcraft:blood_extractor":96,"minecraft:iron_ingot":18,"sophisticatedbackpacks:netherite_backpack":2},"minecraft:custom":{"minecraft:interact_with_furnace":3,"minecraft:mob_kills":112,"tombstone:raider_killed":8,"minecraft:interact_with_crafting_table":11,"minecraft:open_barrel":6,"minecraft:bell_ring":13,"minecraft:leave_game":5,"minecraft:time_since_death":325582,"minecraft:sleep_in_bed":23,"minecraft:time_since_rest":24851,"minecraft:sprint_one_cm":1007364,"minecraft:damage_taken":2943,"minecraft:walk_one_cm":793924,"minecraft:drop":19,"minecraft:damage_dealt":12236,"minecraft:talked_to_villager":1,"minecraft:swim_one_cm":2503,"minecraft:fly_one_cm":702220,"minecraft:raid_win":1,"minecraft:open_chest":90,"minecraft:crouch_one_cm":63025,"minecraft:play_time":325582,"tombstone:undead_killed":10,"minecraft:sneak_time":14907,"minecraft:walk_under_water_one_cm":5249,"minecraft:aviate_one_cm":1434204,"tombstone:villager_killed":1,"minecraft:jump":3727,"minecraft:walk_on_water_one_cm":5529,"minecraft:enchant_item":7,"minecraft:total_world_time":325582,"minecraft:fall_one_cm":70758}},"DataVersion":3465}