{"stats":{"minecraft:dropped":{"minecraft:netherite_pickaxe":1,"minecraft:netherite_hoe":1,"minecraft:netherite_chestplate":1,"minecraft:netherite_axe":1,"minecraft:netherite_helmet":1,"minecraft:experience_bottle":192,"minecraft:diamond_shovel":1,"minecraft:lime_dye":118,"minecraft:netherite_shovel":1,"alexsmobs:flying_fish":1},"minecraft:crafted":{"minecraft:furnace":1,"evilcraft:blood_extractor":96,"sophisticatedbackpacks:netherite_backpack":2},"minecraft:mined":{"minecraft:dandelion":3,"vampirism:altar_pillar":3,"minecraft:grass_block":5049,"minecraft:chest":1,"minecraft:tall_grass":12,"graveyard:lying_skeleton":1,"minecraft:sugar_cane":12,"minecraft:oxeye_daisy":1,"minecraft:blue_bed":2,"minecraft:hay_block":7,"minecraft:iron_ore":7,"vampirism:tent":2,"minecraft:grass":41,"minecraft:coal_ore":32,"vampirism:fire_place":1,"minecraft:gravel":100,"graveyard:leaning_skeleton":1,"minecraft:dirt":5914,"minecraft:stone":71,"minecraft:fern":1},"minecraft:used":{"minecraft:cooked_mutton":11,"minecraft:netherite_sword":93,"minecraft:chest":26,"evilcraft:vengeance_pickaxe":50,"minecraft:stone":9,"minecraft:diamond_axe":9,"minecraft:blue_bed":4,"minecraft:rotten_flesh":5,"minecraft:dirt":1551,"sophisticatedbackpacks:netherite_backpack":1,"justhammers:netherite_hammer":405,"alexsmobs:flying_fish":5,"minecraft:diamond_pickaxe":63,"minecraft:apple":2,"minecraft:firework_rocket":32,"minecraft:coal_ore":9,"minecraft:diamond_shovel":11088,"minecraft:bread":4,"minecraft:furnace":1,"minecraft:cooked_beef":9},"minecraft:custom":{"minecraft:interact_with_furnace":2,"minecraft:mob_kills":66,"minecraft:interact_with_crafting_table":10,"minecraft:open_barrel":6,"minecraft:leave_game":2,"minecraft:time_since_death":189597,"minecraft:sleep_in_bed":13,"minecraft:time_since_rest":5117,"minecraft:sprint_one_cm":698209,"minecraft:damage_taken":835,"minecraft:walk_one_cm":491394,"minecraft:drop":13,"minecraft:damage_dealt":6756,"minecraft:talked_to_villager":1,"minecraft:fly_one_cm":363957,"minecraft:open_chest":70,"minecraft:crouch_one_cm":2677,"minecraft:play_time":189597,"tombstone:undead_killed":3,"minecraft:sneak_time":1242,"minecraft:walk_under_water_one_cm":2266,"minecraft:aviate_one_cm":927414,"minecraft:jump":2165,"minecraft:walk_on_water_one_cm":1180,"minecraft:enchant_item":7,"minecraft:total_world_time":189597,"minecraft:fall_one_cm":31015},"minecraft:killed":{"minecraft:pig":20,"alexsmobs:raccoon":4,"alexsmobs:seal":5,"minecraft:spider":1,"vampirism:converted_cow":3,"minecraft:creeper":1,"minecraft:sheep":16,"minecraft:skeleton":3,"minecraft:chicken":3,"vampirism:advanced_hunter":1,"alexsmobs:crow":1,"alexsmobs:tusklin":1,"alexsmobs:flying_fish":1,"minecraft:cow":5},"minecraft:picked_up":{"evilcraft:vengeance_pickaxe":1,"minecraft:air":0,"minecraft:dirt":124,"sophisticatedbackpacks:tank_upgrade":1,"sophisticatedbackpacks:crafting_upgrade":1,"sophisticatedbackpacks:auto_smelting_upgrade":1,"minecraft:grass_block":151,"minecraft:lime_dye":63,"sophisticatedbackpacks:advanced_feeding_upgrade":1,"alexsmobs:flying_fish":1,"sophisticatedbackpacks:xp_pump_upgrade":1,"sophisticatedbackpacks:advanced_magnet_upgrade":1}},"DataVersion":3465}