{"stats":{"minecraft:dropped":{"minecraft:gravel":13,"sophisticatedbackpacks:advanced_magnet_upgrade":1,"minecraft:wheat_seeds":1,"minecraft:cooked_beef":128,"sophisticatedbackpacks:auto_smelting_upgrade":1,"minecraft:diamond_shovel":1,"minecraft:totem_of_undying":1,"minecraft:grass_block":1,"evilcraft:vengeance_ring":2,"sophisticatedbackpacks:advanced_feeding_upgrade":1,"sophisticatedbackpacks:xp_pump_upgrade":1,"sophisticatedbackpacks:crafting_upgrade":1,"sophisticatedbackpacks:tank_upgrade":1,"minecraft:dandelion":2},"minecraft:mined":{"minecraft:dandelion":38,"minecraft:torch":1,"minecraft:granite":2,"minecraft:grass_block":5076,"minecraft:tall_grass":46,"minecraft:diorite":2,"minecraft:birch_leaves":1,"evilcraft:dark_ore":9,"minecraft:grass":143,"minecraft:coal_ore":22,"minecraft:gravel":73,"minecraft:dirt":3631,"minecraft:stone":125},"minecraft:crafted":{"minecraft:oak_planks":48,"minecraft:crafting_table":1,"evilcraft:blood_extractor":6,"minecraft:chest":5,"sophisticatedbackpacks:netherite_backpack":2,"minecraft:torch":112},"minecraft:used":{"minecraft:netherite_chestplate":1,"minecraft:baked_potato":1,"minecraft:elytra":2,"evilcraft:blood_chest":1,"minecraft:chest":7,"evilcraft:vengeance_pickaxe":26,"minecraft:stone":9,"minecraft:diamond_axe":5,"minecraft:rotten_flesh":1,"evilcraft:purifier":2,"minecraft:torch":48,"minecraft:dirt":1602,"minecraft:crafting_table":2,"justhammers:netherite_hammer":1443,"alexsmobs:flying_fish":1,"minecraft:firework_rocket":25,"minecraft:diamond_shovel":8901,"minecraft:bookshelf":15,"minecraft:grass_block":4497,"enchantinginfuser:enchanting_infuser":1,"minecraft:diamond_sword":56,"minecraft:bow":4,"minecraft:netherite_pickaxe":119,"minecraft:cooked_beef":36},"minecraft:custom":{"minecraft:mob_kills":23,"minecraft:interact_with_crafting_table":8,"minecraft:leave_game":2,"minecraft:time_since_death":239752,"minecraft:sleep_in_bed":19,"minecraft:time_since_rest":300,"minecraft:sprint_one_cm":439611,"minecraft:damage_taken":2145,"minecraft:walk_one_cm":951873,"minecraft:drop":16,"minecraft:damage_dealt":3577,"minecraft:swim_one_cm":1551,"minecraft:talked_to_villager":1,"minecraft:fly_one_cm":674946,"minecraft:open_chest":101,"minecraft:crouch_one_cm":136589,"tombstone:undead_killed":9,"minecraft:play_time":239752,"minecraft:sneak_time":19170,"minecraft:walk_under_water_one_cm":11762,"minecraft:aviate_one_cm":1012512,"minecraft:jump":3751,"minecraft:walk_on_water_one_cm":3860,"minecraft:enchant_item":18,"minecraft:total_world_time":239752,"minecraft:fall_one_cm":145328},"minecraft:killed":{"mca:female_zombie_villager":1,"vampirism:vampire":1,"vampirism:advanced_vampire":1,"minecraft:spider":1,"minecraft:creeper":2,"minecraft:skeleton":4,"alexsmobs:gelada_monkey":7,"minecraft:zombie":4},"minecraft:picked_up":{"minecraft:air":0,"minecraft:netherite_axe":1,"minecraft:netherite_shovel":1,"minecraft:grass_block":6,"minecraft:netherite_pickaxe":1,"minecraft:lime_dye":55,"minecraft:netherite_helmet":1,"minecraft:netherite_chestplate":1,"minecraft:netherite_hoe":1}},"DataVersion":3465}