{"stats":{"minecraft:dropped":{"minecraft:gravel":13,"minecraft:wheat_seeds":1,"sophisticatedbackpacks:advanced_magnet_upgrade":1,"minecraft:cooked_beef":128,"sophisticatedbackpacks:auto_smelting_upgrade":1,"minecraft:diamond_shovel":1,"minecraft:totem_of_undying":1,"minecraft:grass_block":1,"evilcraft:vengeance_ring":2,"sophisticatedbackpacks:advanced_feeding_upgrade":1,"sophisticatedbackpacks:xp_pump_upgrade":1,"sophisticatedbackpacks:crafting_upgrade":1,"sophisticatedbackpacks:tank_upgrade":1,"minecraft:dandelion":2},"minecraft:mined":{"minecraft:dandelion":41,"minecraft:torch":1,"minecraft:granite":2,"minecraft:grass_block":5092,"minecraft:tall_grass":47,"minecraft:oxeye_daisy":1,"minecraft:diorite":2,"minecraft:birch_leaves":1,"evilcraft:dark_ore":9,"minecraft:grass":145,"minecraft:coal_ore":22,"minecraft:gravel":73,"minecraft:dirt":3665,"minecraft:stone":125},"minecraft:crafted":{"minecraft:oak_planks":48,"minecraft:crafting_table":1,"evilcraft:blood_extractor":6,"minecraft:chest":5,"sophisticatedbackpacks:netherite_backpack":2,"minecraft:torch":112},"minecraft:used":{"minecraft:netherite_chestplate":2,"minecraft:baked_potato":1,"minecraft:elytra":3,"evilcraft:blood_chest":1,"minecraft:chest":7,"evilcraft:vengeance_pickaxe":26,"minecraft:stone":9,"minecraft:diamond_axe":5,"minecraft:rotten_flesh":1,"evilcraft:purifier":2,"minecraft:torch":48,"minecraft:dirt":2724,"minecraft:crafting_table":2,"minecraft:spider_eye":1,"justhammers:netherite_hammer":1443,"alexsmobs:flying_fish":1,"minecraft:firework_rocket":26,"minecraft:diamond_shovel":8934,"minecraft:bookshelf":15,"minecraft:grass_block":5537,"enchantinginfuser:enchanting_infuser":1,"minecraft:diamond_sword":68,"minecraft:bow":4,"minecraft:netherite_pickaxe":119,"tombstone:gift":1,"minecraft:cooked_beef":39},"minecraft:custom":{"minecraft:mob_kills":30,"minecraft:interact_with_crafting_table":8,"minecraft:leave_game":2,"minecraft:time_since_death":270679,"minecraft:sleep_in_bed":21,"minecraft:time_since_rest":5214,"minecraft:sprint_one_cm":476151,"minecraft:damage_taken":2333,"minecraft:walk_one_cm":1082697,"minecraft:drop":16,"minecraft:damage_dealt":4406,"minecraft:swim_one_cm":1551,"minecraft:talked_to_villager":1,"minecraft:fly_one_cm":744975,"minecraft:open_chest":106,"minecraft:crouch_one_cm":231962,"tombstone:undead_killed":12,"minecraft:play_time":270679,"minecraft:sneak_time":30440,"minecraft:walk_under_water_one_cm":11762,"minecraft:aviate_one_cm":1051201,"minecraft:jump":3967,"minecraft:walk_on_water_one_cm":3860,"minecraft:enchant_item":18,"minecraft:total_world_time":270679,"minecraft:fall_one_cm":159301},"minecraft:killed":{"mca:female_zombie_villager":1,"vampirism:vampire":1,"vampirism:advanced_vampire":1,"minecraft:spider":4,"minecraft:creeper":2,"minecraft:skeleton":6,"alexsmobs:gelada_monkey":7,"minecraft:zombie":5},"minecraft:picked_up":{"minecraft:air":0,"minecraft:netherite_axe":1,"minecraft:netherite_shovel":1,"minecraft:grass_block":6,"minecraft:netherite_pickaxe":1,"minecraft:lime_dye":55,"minecraft:netherite_helmet":1,"minecraft:netherite_chestplate":1,"minecraft:netherite_hoe":1}},"DataVersion":3465}