{"stats":{"minecraft:dropped":{"minecraft:golden_boots":1,"minecraft:wheat_seeds":2,"minecraft:golden_helmet":1,"minecraft:cooked_beef":128,"minecraft:tnt":3,"sophisticatedbackpacks:auto_smelting_upgrade":1,"minecraft:granite":56,"minecraft:grass_block":1,"minecraft:dirt":1,"evilcraft:vengeance_ring":2,"minecraft:diorite":2,"minecraft:torch":112,"minecraft:snowball":1,"sophisticatedbackpacks:xp_pump_upgrade":1,"minecraft:smooth_stone":1,"sophisticatedbackpacks:crafting_upgrade":1,"minecraft:string":18,"minecraft:dandelion":2,"minecraft:smooth_basalt":17,"minecraft:gravel":16,"minecraft:furnace":1,"sophisticatedbackpacks:advanced_magnet_upgrade":1,"minecraft:golden_chestplate":1,"minecraft:cobbled_deepslate":21,"minecraft:deepslate":429,"minecraft:tuff":8,"minecraft:rotten_flesh":43,"minecraft:oak_planks":6,"vampirism:blood_bottle":1,"minecraft:diamond_shovel":1,"minecraft:totem_of_undying":1,"evilcraft:flesh_humanoid":2,"minecraft:stone":278,"sophisticatedbackpacks:advanced_feeding_upgrade":1,"minecraft:bundle":2,"minecraft:andesite":51,"minecraft:ladder":2,"minecraft:arrow":1,"minecraft:bow":4,"minecraft:calcite":18,"sophisticatedbackpacks:tank_upgrade":1,"minecraft:egg":1},"minecraft:crafted":{"minecraft:oak_planks":92,"evilcraft:blood_extractor":6,"minecraft:chest":5,"minecraft:crafting_table":1,"minecraft:stick":96,"sophisticatedbackpacks:netherite_backpack":2,"minecraft:torch":240},"minecraft:mined":{"alexscaves:spelunkery_table":1,"minecraft:tuff":4,"minecraft:deepslate_diamond_ore":2,"minecraft:granite":3,"minecraft:grass_block":5112,"minecraft:oxeye_daisy":1,"minecraft:spawner":1,"minecraft:smooth_stone":1,"minecraft:furnace":1,"minecraft:cobbled_deepslate":5,"evilcraft:dark_ore":17,"minecraft:brown_bed":1,"minecraft:bookshelf":1,"minecraft:deepslate_iron_ore":16,"minecraft:stripped_oak_log":11,"minecraft:stone":144,"minecraft:deepslate_redstone_ore":24,"minecraft:amethyst_cluster":2,"minecraft:dandelion":106,"minecraft:torch":1,"minecraft:emerald_ore":1,"minecraft:calcite":3,"minecraft:tall_grass":65,"minecraft:deepslate_gold_ore":4,"minecraft:oak_planks":10,"minecraft:diorite":4,"minecraft:amethyst_block":11,"evilcraft:dark_ore_deepslate":2,"minecraft:birch_leaves":1,"minecraft:tnt":3,"minecraft:grass":223,"minecraft:oak_log":24,"minecraft:coal_ore":159,"minecraft:gravel":76,"minecraft:dirt":3723,"minecraft:cobweb":1,"minecraft:smooth_basalt":6,"evilcraft:bloody_cobblestone":1,"minecraft:deepslate":33,"minecraft:infested_stone":1},"minecraft:used":{"sophisticatedbackpacks:copper_backpack":1,"minecraft:elytra":6,"evilcraft:blood_chest":1,"evilcraft:vengeance_pickaxe":80,"minecraft:chest":7,"minecraft:stone":30,"minecraft:rotten_flesh":1,"evilcraft:purifier":2,"minecraft:torch":196,"minecraft:dirt":4426,"minecraft:coal_ore":52,"minecraft:bookshelf":15,"minecraft:grass_block":6133,"minecraft:totem_of_undying":1,"minecraft:bow":63,"minecraft:netherite_pickaxe":345,"tombstone:gift":5,"minecraft:cooked_beef":74,"minecraft:water_bucket":4,"minecraft:netherite_chestplate":6,"minecraft:baked_potato":1,"evilcraft:bloody_cobblestone":1,"minecraft:diamond_axe":52,"minecraft:golden_apple":1,"minecraft:crafting_table":2,"minecraft:spider_eye":1,"justhammers:netherite_hammer":1583,"alexsmobs:flying_fish":1,"minecraft:firework_rocket":41,"minecraft:diamond_shovel":8948,"minecraft:deepslate":2,"enchantinginfuser:enchanting_infuser":1,"minecraft:diamond_sword":401,"minecraft:cooked_porkchop":1,"minecraft:bucket":5,"minecraft:air":1},"minecraft:broken":{"minecraft:crossbow":1},"minecraft:custom":{"minecraft:mob_kills":177,"minecraft:interact_with_crafting_table":8,"minecraft:open_barrel":1,"minecraft:bell_ring":10,"minecraft:damage_dealt_resisted":238,"minecraft:leave_game":4,"minecraft:time_since_death":21637,"minecraft:climb_one_cm":56,"minecraft:sprint_one_cm":753194,"minecraft:walk_one_cm":1390966,"minecraft:drop":64,"minecraft:damage_dealt_absorbed":358,"minecraft:talked_to_villager":3,"minecraft:raid_win":1,"minecraft:play_time":366308,"minecraft:deaths":1,"minecraft:sneak_time":37402,"minecraft:walk_under_water_one_cm":23062,"minecraft:jump":6043,"minecraft:walk_on_water_one_cm":26847,"minecraft:enchant_item":18,"minecraft:total_world_time":366308,"tombstone:raider_killed":44,"minecraft:raid_trigger":1,"minecraft:sleep_in_bed":25,"minecraft:time_since_rest":21037,"minecraft:damage_taken":6371,"minecraft:damage_absorbed":39,"minecraft:damage_dealt":28645,"minecraft:swim_one_cm":7150,"minecraft:fly_one_cm":1176274,"minecraft:open_chest":155,"minecraft:crouch_one_cm":274362,"tombstone:undead_killed":58,"minecraft:aviate_one_cm":1568580,"tombstone:villager_killed":1,"minecraft:fall_one_cm":212077},"minecraft:killed":{"mca:female_zombie_villager":1,"minecraft:evoker":3,"vampirism:vampire":5,"minecraft:vex":4,"mca:male_zombie_villager":1,"minecraft:witch":5,"vampirism:advanced_vampire":3,"graveyard:nightmare":1,"minecraft:vindicator":16,"minecraft:spider":16,"minecraft:slime":5,"minecraft:skeleton":28,"alexsmobs:tusklin":1,"graveyard:ghoul":1,"minecraft:ravager":2,"minecraft:creeper":9,"alexsmobs:gelada_monkey":7,"minecraft:pillager":18,"minecraft:zombie":27,"mca:female_villager":1},"minecraft:picked_up":{"sophisticatedbackpacks:gold_backpack":1,"minecraft:ladder":2,"minecraft:torch":64,"minecraft:netherite_shovel":1,"minecraft:netherite_pickaxe":1,"sophisticatedbackpacks:copper_backpack":1,"minecraft:netherite_chestplate":1,"minecraft:snowball":1,"minecraft:stripped_oak_log":10,"minecraft:air":0,"minecraft:oak_log":24,"minecraft:white_banner":3,"minecraft:netherite_axe":1,"minecraft:oak_planks":10,"minecraft:book":3,"minecraft:cooked_porkchop":7,"sophisticatedbackpacks:iron_backpack":1,"minecraft:grass_block":6,"minecraft:lime_dye":55,"minecraft:deepslate":8,"minecraft:netherite_helmet":1,"minecraft:emerald":5,"minecraft:netherite_hoe":1}},"DataVersion":3465}