{"stats":{"minecraft:dropped":{"minecraft:gravel":13,"sophisticatedbackpacks:advanced_magnet_upgrade":1,"minecraft:wheat_seeds":1,"minecraft:cooked_beef":128,"sophisticatedbackpacks:auto_smelting_upgrade":1,"minecraft:diamond_shovel":1,"minecraft:totem_of_undying":1,"evilcraft:flesh_humanoid":1,"minecraft:grass_block":1,"evilcraft:vengeance_ring":2,"sophisticatedbackpacks:advanced_feeding_upgrade":1,"minecraft:torch":112,"minecraft:snowball":1,"sophisticatedbackpacks:xp_pump_upgrade":1,"minecraft:arrow":1,"minecraft:bow":2,"sophisticatedbackpacks:crafting_upgrade":1,"sophisticatedbackpacks:tank_upgrade":1,"minecraft:dandelion":2},"minecraft:crafted":{"minecraft:oak_planks":88,"minecraft:crafting_table":1,"evilcraft:blood_extractor":6,"minecraft:stick":80,"minecraft:chest":5,"sophisticatedbackpacks:netherite_backpack":2,"minecraft:torch":208},"minecraft:mined":{"minecraft:deepslate_redstone_ore":24,"alexscaves:spelunkery_table":1,"minecraft:tuff":4,"minecraft:deepslate_diamond_ore":2,"minecraft:amethyst_cluster":2,"minecraft:dandelion":106,"minecraft:torch":1,"minecraft:granite":3,"minecraft:calcite":3,"minecraft:emerald_ore":1,"minecraft:grass_block":5112,"minecraft:tall_grass":65,"minecraft:deepslate_gold_ore":4,"minecraft:oxeye_daisy":1,"minecraft:diorite":4,"minecraft:amethyst_block":11,"minecraft:spawner":1,"minecraft:smooth_stone":1,"minecraft:furnace":1,"evilcraft:dark_ore_deepslate":2,"minecraft:cobbled_deepslate":5,"minecraft:birch_leaves":1,"minecraft:tnt":3,"evilcraft:dark_ore":17,"minecraft:brown_bed":1,"minecraft:grass":223,"minecraft:coal_ore":134,"minecraft:deepslate_iron_ore":16,"minecraft:stripped_oak_log":1,"minecraft:gravel":73,"minecraft:dirt":3723,"minecraft:cobweb":1,"minecraft:smooth_basalt":6,"evilcraft:bloody_cobblestone":1,"minecraft:stone":144,"minecraft:infested_stone":1,"minecraft:deepslate":29},"minecraft:used":{"minecraft:water_bucket":4,"sophisticatedbackpacks:copper_backpack":1,"minecraft:netherite_chestplate":5,"minecraft:baked_potato":1,"minecraft:elytra":5,"evilcraft:blood_chest":1,"evilcraft:vengeance_pickaxe":53,"minecraft:chest":7,"minecraft:stone":9,"evilcraft:bloody_cobblestone":1,"minecraft:diamond_axe":7,"minecraft:rotten_flesh":1,"evilcraft:purifier":2,"minecraft:torch":165,"minecraft:golden_apple":1,"minecraft:dirt":4426,"minecraft:crafting_table":2,"minecraft:spider_eye":1,"justhammers:netherite_hammer":1544,"alexsmobs:flying_fish":1,"minecraft:coal_ore":52,"minecraft:firework_rocket":41,"minecraft:diamond_shovel":8948,"minecraft:bookshelf":15,"minecraft:grass_block":6133,"minecraft:totem_of_undying":1,"enchantinginfuser:enchanting_infuser":1,"minecraft:diamond_sword":374,"minecraft:bow":62,"minecraft:cooked_porkchop":1,"minecraft:bucket":5,"minecraft:netherite_pickaxe":345,"tombstone:gift":4,"minecraft:air":1,"minecraft:cooked_beef":72},"minecraft:broken":{"minecraft:crossbow":1},"minecraft:custom":{"minecraft:mob_kills":164,"tombstone:raider_killed":44,"minecraft:interact_with_crafting_table":8,"minecraft:open_barrel":1,"minecraft:bell_ring":10,"minecraft:raid_trigger":1,"minecraft:damage_dealt_resisted":238,"minecraft:leave_game":3,"minecraft:time_since_death":11028,"minecraft:sleep_in_bed":25,"minecraft:climb_one_cm":56,"minecraft:time_since_rest":10428,"minecraft:damage_absorbed":39,"minecraft:sprint_one_cm":717600,"minecraft:damage_taken":6226,"minecraft:walk_one_cm":1367206,"minecraft:drop":24,"minecraft:damage_dealt":26404,"minecraft:damage_dealt_absorbed":358,"minecraft:swim_one_cm":7150,"minecraft:talked_to_villager":3,"minecraft:fly_one_cm":1131616,"minecraft:raid_win":1,"minecraft:open_chest":155,"minecraft:deaths":1,"minecraft:crouch_one_cm":273858,"tombstone:undead_killed":49,"minecraft:play_time":355699,"minecraft:sneak_time":37277,"minecraft:walk_under_water_one_cm":23062,"tombstone:villager_killed":1,"minecraft:aviate_one_cm":1565517,"minecraft:jump":5768,"minecraft:walk_on_water_one_cm":25391,"minecraft:enchant_item":18,"minecraft:total_world_time":355699,"minecraft:fall_one_cm":203094},"minecraft:killed":{"mca:female_zombie_villager":1,"minecraft:vex":4,"minecraft:evoker":3,"vampirism:vampire":5,"graveyard:ghoul":1,"mca:male_zombie_villager":1,"minecraft:witch":5,"vampirism:advanced_vampire":3,"graveyard:nightmare":1,"minecraft:vindicator":16,"minecraft:spider":12,"minecraft:slime":5,"minecraft:ravager":2,"minecraft:creeper":9,"minecraft:skeleton":22,"alexsmobs:gelada_monkey":7,"minecraft:pillager":18,"minecraft:zombie":24,"alexsmobs:tusklin":1,"mca:female_villager":1},"minecraft:picked_up":{"sophisticatedbackpacks:gold_backpack":1,"minecraft:air":0,"minecraft:white_banner":3,"minecraft:netherite_axe":1,"minecraft:cooked_porkchop":7,"minecraft:torch":64,"minecraft:netherite_shovel":1,"sophisticatedbackpacks:iron_backpack":1,"minecraft:grass_block":6,"minecraft:netherite_pickaxe":1,"minecraft:lime_dye":55,"minecraft:netherite_helmet":1,"sophisticatedbackpacks:copper_backpack":1,"minecraft:emerald":5,"minecraft:netherite_chestplate":1,"minecraft:netherite_hoe":1,"minecraft:snowball":1}},"DataVersion":3465}