{"stats":{"minecraft:dropped":{"sophisticatedbackpacks:advanced_magnet_upgrade":1,"minecraft:cooked_beef":128,"sophisticatedbackpacks:advanced_feeding_upgrade":1,"sophisticatedbackpacks:auto_smelting_upgrade":1,"sophisticatedbackpacks:xp_pump_upgrade":1,"minecraft:diamond_shovel":1,"sophisticatedbackpacks:crafting_upgrade":1,"minecraft:totem_of_undying":1,"sophisticatedbackpacks:tank_upgrade":1},"minecraft:mined":{"minecraft:birch_leaves":1,"minecraft:dandelion":10,"evilcraft:dark_ore":9,"minecraft:torch":1,"minecraft:granite":2,"minecraft:grass":130,"minecraft:grass_block":5037,"minecraft:coal_ore":22,"minecraft:gravel":58,"minecraft:dirt":3624,"minecraft:tall_grass":29,"minecraft:stone":125,"minecraft:diorite":2},"minecraft:crafted":{"minecraft:oak_planks":48,"evilcraft:blood_extractor":6,"minecraft:crafting_table":1,"minecraft:chest":5,"sophisticatedbackpacks:netherite_backpack":2,"minecraft:torch":112},"minecraft:used":{"alexsmobs:flying_fish":1,"minecraft:bookshelf":15,"minecraft:diamond_shovel":8850,"minecraft:firework_rocket":25,"minecraft:grass_block":2421,"minecraft:netherite_chestplate":1,"minecraft:elytra":2,"minecraft:baked_potato":1,"evilcraft:blood_chest":1,"evilcraft:vengeance_pickaxe":26,"minecraft:chest":7,"minecraft:stone":9,"minecraft:diamond_axe":4,"minecraft:rotten_flesh":1,"evilcraft:purifier":2,"enchantinginfuser:enchanting_infuser":1,"minecraft:torch":48,"minecraft:diamond_sword":56,"minecraft:dirt":800,"minecraft:bow":4,"minecraft:crafting_table":2,"minecraft:netherite_pickaxe":119,"minecraft:cooked_beef":29,"justhammers:netherite_hammer":1253},"minecraft:custom":{"minecraft:time_since_rest":4767,"minecraft:sprint_one_cm":363233,"minecraft:damage_taken":1811,"minecraft:walk_one_cm":778122,"minecraft:mob_kills":23,"minecraft:drop":10,"minecraft:damage_dealt":3577,"minecraft:talked_to_villager":1,"minecraft:swim_one_cm":1551,"minecraft:interact_with_crafting_table":8,"minecraft:fly_one_cm":454421,"minecraft:open_chest":70,"minecraft:crouch_one_cm":25617,"minecraft:play_time":183629,"tombstone:undead_killed":9,"minecraft:sneak_time":5935,"minecraft:walk_under_water_one_cm":11762,"minecraft:aviate_one_cm":979440,"minecraft:jump":2960,"minecraft:leave_game":2,"minecraft:walk_on_water_one_cm":3860,"minecraft:time_since_death":183629,"minecraft:sleep_in_bed":12,"minecraft:enchant_item":18,"minecraft:total_world_time":183629,"minecraft:fall_one_cm":80535},"minecraft:killed":{"minecraft:skeleton":4,"mca:female_zombie_villager":1,"alexsmobs:gelada_monkey":7,"vampirism:vampire":1,"minecraft:zombie":4,"vampirism:advanced_vampire":1,"minecraft:spider":1,"minecraft:creeper":2},"minecraft:picked_up":{"minecraft:air":0,"minecraft:netherite_shovel":1,"minecraft:grass_block":6,"minecraft:netherite_pickaxe":1,"minecraft:lime_dye":55,"minecraft:netherite_helmet":1,"minecraft:netherite_axe":1,"minecraft:netherite_chestplate":1,"minecraft:netherite_hoe":1}},"DataVersion":3465}