{"stats":{"minecraft:broken":{"minecraft:crossbow":1},"minecraft:dropped":{"minecraft:golden_boots":2,"minecraft:wheat_seeds":2,"minecraft:golden_helmet":2,"minecraft:cooked_beef":128,"minecraft:tnt":3,"sophisticatedbackpacks:auto_smelting_upgrade":1,"minecraft:granite":56,"minecraft:grass_block":1,"minecraft:dirt":1,"evilcraft:vengeance_ring":2,"minecraft:diorite":2,"minecraft:torch":112,"minecraft:snowball":1,"sophisticatedbackpacks:xp_pump_upgrade":1,"minecraft:smooth_stone":1,"sophisticatedbackpacks:crafting_upgrade":1,"minecraft:string":18,"minecraft:dandelion":2,"minecraft:smooth_basalt":17,"minecraft:gravel":16,"minecraft:furnace":1,"sophisticatedbackpacks:advanced_magnet_upgrade":1,"minecraft:golden_chestplate":1,"minecraft:cobbled_deepslate":21,"minecraft:deepslate":429,"minecraft:tuff":8,"minecraft:rotten_flesh":43,"minecraft:oak_planks":6,"vampirism:blood_bottle":1,"minecraft:diamond_shovel":1,"minecraft:totem_of_undying":1,"evilcraft:flesh_humanoid":2,"minecraft:stone":278,"sophisticatedbackpacks:advanced_feeding_upgrade":1,"minecraft:bundle":2,"minecraft:andesite":51,"minecraft:ladder":2,"minecraft:basalt":2,"minecraft:bow":4,"minecraft:arrow":1,"minecraft:calcite":18,"sophisticatedbackpacks:tank_upgrade":1,"minecraft:egg":1},"minecraft:picked_up":{"sophisticatedbackpacks:gold_backpack":1,"minecraft:ladder":2,"minecraft:torch":64,"minecraft:netherite_shovel":1,"minecraft:netherite_pickaxe":1,"sophisticatedbackpacks:copper_backpack":1,"minecraft:netherite_chestplate":1,"minecraft:snowball":1,"minecraft:stripped_oak_log":10,"minecraft:air":0,"minecraft:oak_log":24,"minecraft:white_banner":3,"minecraft:netherite_axe":1,"minecraft:oak_planks":10,"minecraft:book":3,"minecraft:cooked_porkchop":7,"sophisticatedbackpacks:iron_backpack":1,"minecraft:grass_block":6,"minecraft:lime_dye":55,"minecraft:deepslate":26,"minecraft:netherite_helmet":1,"minecraft:deepslate_gold_ore":4,"minecraft:emerald":5,"tombstone:magic_scroll":1,"minecraft:netherite_hoe":1},"minecraft:killed":{"mca:female_zombie_villager":1,"vampirism:vampire":6,"minecraft:evoker":3,"minecraft:vex":4,"mca:male_zombie_villager":1,"minecraft:witch":5,"vampirism:advanced_vampire":4,"graveyard:nightmare":1,"minecraft:spider":17,"minecraft:vindicator":16,"minecraft:slime":5,"minecraft:skeleton":33,"alexsmobs:straddler":1,"alexsmobs:tusklin":1,"minecraft:piglin":3,"graveyard:ghoul":2,"minecraft:ravager":2,"minecraft:creeper":9,"alexsmobs:crimson_mosquito":3,"alexsmobs:gelada_monkey":7,"minecraft:pillager":18,"minecraft:zombie":30,"minecraft:ghast":2,"mca:female_villager":1,"minecraft:blaze":10},"minecraft:mined":{"alexscaves:spelunkery_table":1,"minecraft:tuff":4,"minecraft:deepslate_diamond_ore":2,"minecraft:granite":3,"minecraft:grass_block":5112,"evilcraft:blood_chest":4,"minecraft:oxeye_daisy":1,"minecraft:spawner":1,"minecraft:smooth_stone":1,"minecraft:glowstone":315,"minecraft:furnace":1,"minecraft:red_sandstone":5,"minecraft:iron_ore":14,"minecraft:fire":6,"minecraft:cobbled_deepslate":5,"evilcraft:box_of_eternal_closure":2,"evilcraft:dark_ore":17,"evilcraft:purifier":1,"minecraft:gold_block":2,"minecraft:brown_bed":1,"minecraft:bookshelf":1,"minecraft:deepslate_iron_ore":16,"minecraft:stripped_oak_log":11,"minecraft:stone":171,"minecraft:deepslate_redstone_ore":24,"minecraft:soul_fire":4,"minecraft:amethyst_cluster":2,"minecraft:dandelion":106,"minecraft:torch":1,"minecraft:emerald_ore":1,"minecraft:calcite":3,"minecraft:tall_grass":65,"minecraft:deepslate_gold_ore":4,"minecraft:oak_planks":10,"minecraft:diorite":4,"minecraft:amethyst_block":11,"evilcraft:dark_ore_deepslate":3,"minecraft:birch_leaves":1,"minecraft:tnt":3,"minecraft:grass":223,"minecraft:oak_log":24,"minecraft:coal_ore":159,"minecraft:smooth_quartz":2,"minecraft:loom":1,"minecraft:gravel":79,"minecraft:dirt":3723,"minecraft:cobweb":1,"minecraft:smooth_basalt":6,"evilcraft:bloody_cobblestone":1,"minecraft:netherrack":24,"minecraft:deepslate":38,"minecraft:infested_stone":1},"minecraft:used":{"minecraft:flint_and_steel":1,"sophisticatedbackpacks:copper_backpack":1,"minecraft:elytra":12,"evilcraft:blood_chest":4,"evilcraft:vengeance_pickaxe":418,"minecraft:chest":7,"minecraft:stone":83,"minecraft:rotten_flesh":1,"evilcraft:purifier":3,"minecraft:netherrack":20,"minecraft:torch":256,"minecraft:dirt":4470,"minecraft:obsidian":14,"minecraft:coal_ore":52,"minecraft:bookshelf":15,"minecraft:grass_block":6133,"evilcraft:box_of_eternal_closure":2,"minecraft:totem_of_undying":1,"minecraft:bow":78,"minecraft:netherite_pickaxe":415,"tombstone:gift":6,"minecraft:cooked_beef":96,"minecraft:water_bucket":4,"minecraft:iron_ore":14,"minecraft:netherite_chestplate":10,"minecraft:baked_potato":1,"evilcraft:bloody_cobblestone":1,"minecraft:diamond_axe":53,"minecraft:golden_apple":1,"minecraft:crafting_table":2,"minecraft:spider_eye":1,"justhammers:netherite_hammer":1640,"alexsmobs:flying_fish":1,"minecraft:firework_rocket":76,"minecraft:diamond_shovel":8948,"minecraft:deepslate":12,"minecraft:gravel":2,"enchantinginfuser:enchanting_infuser":1,"minecraft:diamond_sword":476,"minecraft:cooked_porkchop":3,"minecraft:bucket":5,"minecraft:air":1},"minecraft:custom":{"minecraft:mob_kills":209,"minecraft:interact_with_crafting_table":10,"minecraft:open_barrel":19,"minecraft:bell_ring":10,"minecraft:damage_dealt_resisted":238,"minecraft:leave_game":8,"minecraft:time_since_death":77277,"minecraft:climb_one_cm":187,"minecraft:sprint_one_cm":854823,"minecraft:walk_one_cm":1478977,"minecraft:drop":67,"minecraft:damage_dealt_absorbed":358,"minecraft:talked_to_villager":3,"minecraft:raid_win":1,"minecraft:play_time":421948,"minecraft:deaths":1,"minecraft:sneak_time":39902,"minecraft:walk_under_water_one_cm":23062,"minecraft:jump":6959,"minecraft:walk_on_water_one_cm":29454,"minecraft:enchant_item":18,"minecraft:total_world_time":421948,"minecraft:interact_with_furnace":3,"tombstone:raider_killed":44,"minecraft:interact_with_loom":1,"minecraft:raid_trigger":1,"minecraft:sleep_in_bed":27,"minecraft:time_since_rest":30123,"minecraft:damage_taken":8096,"minecraft:damage_absorbed":39,"minecraft:damage_dealt":33771,"minecraft:fly_one_cm":1310879,"minecraft:swim_one_cm":7150,"minecraft:open_chest":234,"minecraft:crouch_one_cm":285365,"tombstone:undead_killed":67,"minecraft:aviate_one_cm":2717259,"tombstone:villager_killed":1,"minecraft:fall_one_cm":237213},"minecraft:crafted":{"minecraft:oak_planks":132,"minecraft:flint_and_steel":1,"evilcraft:vengeance_ring":1,"evilcraft:vengeance_focus":1,"evilcraft:blood_extractor":6,"minecraft:chest":5,"minecraft:crafting_table":1,"minecraft:air":0,"minecraft:stick":176,"minecraft:iron_ingot":13,"sophisticatedbackpacks:netherite_backpack":2,"minecraft:torch":344}},"DataVersion":3465}